id,name,height_dm,weight_hg,base_experience,type_1,type_2,hp,attack,defense
1,bulbasaur,7,69,64.0,grass,poison,45,49,49
2,ivysaur,10,130,142.0,grass,poison,60,62,63
3,venusaur,20,1000,236.0,grass,poison,80,82,83
4,charmander,6,85,62.0,fire,,39,52,43
5,charmeleon,11,190,142.0,fire,,58,64,58
6,charizard,17,905,240.0,fire,flying,78,84,78
7,squirtle,5,90,63.0,water,,44,48,65
8,wartortle,10,225,142.0,water,,59,63,80
9,blastoise,16,855,239.0,water,,79,83,100
10,caterpie,3,29,39.0,bug,,45,30,35
11,metapod,7,99,72.0,bug,,50,20,55
12,butterfree,11,320,178.0,bug,flying,60,45,50
13,weedle,3,32,39.0,bug,poison,40,35,30
14,kakuna,6,100,72.0,bug,poison,45,25,50
15,beedrill,10,295,178.0,bug,poison,65,90,40
16,pidgey,3,18,50.0,normal,flying,40,45,40
17,pidgeotto,11,300,122.0,normal,flying,63,60,55
18,pidgeot,15,395,216.0,normal,flying,83,80,75
19,rattata,3,35,51.0,normal,,30,56,35
20,raticate,7,185,145.0,normal,,55,81,60
21,spearow,3,20,52.0,normal,flying,40,60,30
22,fearow,12,380,155.0,normal,flying,65,90,65
23,ekans,20,69,58.0,poison,,35,60,44
24,arbok,35,650,157.0,poison,,60,95,69
25,pikachu,4,60,112.0,electric,,35,55,40
26,raichu,8,300,218.0,electric,,60,90,55
27,sandshrew,6,120,60.0,ground,,50,75,85
28,sandslash,10,295,158.0,ground,,75,100,110
29,nidoran-f,4,70,55.0,poison,,55,47,52
30,nidorina,8,200,128.0,poison,,70,62,67
31,nidoqueen,13,600,227.0,poison,ground,90,92,87
32,nidoran-m,5,90,55.0,poison,,46,57,40
33,nidorino,9,195,128.0,poison,,61,72,57
34,nidoking,14,620,227.0,poison,ground,81,102,77
35,clefairy,6,75,113.0,fairy,,70,45,48
36,clefable,13,400,217.0,fairy,,95,70,73
37,vulpix,6,99,60.0,fire,,38,41,40
38,ninetales,11,199,177.0,fire,,73,76,75
39,jigglypuff,5,55,95.0,normal,fairy,115,45,20
40,wigglytuff,10,120,196.0,normal,fairy,140,70,45
41,zubat,8,75,49.0,poison,flying,40,45,35
42,golbat,16,550,159.0,poison,flying,75,80,70
43,oddish,5,54,64.0,grass,poison,45,50,55
44,gloom,8,86,138.0,grass,poison,60,65,70
45,vileplume,12,186,221.0,grass,poison,75,80,85
46,paras,3,54,57.0,bug,grass,35,70,55
47,parasect,10,295,142.0,bug,grass,60,95,80
48,venonat,10,300,61.0,bug,poison,60,55,50
49,venomoth,15,125,158.0,bug,poison,70,65,60
50,diglett,2,8,53.0,ground,,10,55,25
51,dugtrio,7,333,149.0,ground,,35,100,50
52,meowth,4,42,58.0,normal,,40,45,35
53,persian,10,320,154.0,normal,,65,70,60
54,psyduck,8,196,64.0,water,,50,52,48
55,golduck,17,766,175.0,water,,80,82,78
56,mankey,5,280,61.0,fighting,,40,80,35
57,primeape,10,320,159.0,fighting,,65,105,60
58,growlithe,7,190,70.0,fire,,55,70,45
59,arcanine,19,1550,194.0,fire,,90,110,80
60,poliwag,6,124,60.0,water,,40,50,40
61,poliwhirl,10,200,135.0,water,,65,65,65
62,poliwrath,13,540,230.0,water,fighting,90,95,95
63,abra,9,195,62.0,psychic,,25,20,15
64,kadabra,13,565,140.0,psychic,,40,35,30
65,alakazam,15,480,225.0,psychic,,55,50,45
66,machop,8,195,61.0,fighting,,70,80,50
67,machoke,15,705,142.0,fighting,,80,100,70
68,machamp,16,1300,227.0,fighting,,90,130,80
69,bellsprout,7,40,60.0,grass,poison,50,75,35
70,weepinbell,10,64,137.0,grass,poison,65,90,50
71,victreebel,17,155,221.0,grass,poison,80,105,65
72,tentacool,9,455,67.0,water,poison,40,40,35
73,tentacruel,16,550,180.0,water,poison,80,70,65
74,geodude,4,200,60.0,rock,ground,40,80,100
75,graveler,10,1050,137.0,rock,ground,55,95,115
76,golem,14,3000,223.0,rock,ground,80,120,130
77,ponyta,10,300,82.0,fire,,50,85,55
78,rapidash,17,950,175.0,fire,,65,100,70
79,slowpoke,12,360,63.0,water,psychic,90,65,65
80,slowbro,16,785,172.0,water,psychic,95,75,110
81,magnemite,3,60,65.0,electric,steel,25,35,70
82,magneton,10,600,163.0,electric,steel,50,60,95
83,farfetchd,8,150,132.0,normal,flying,52,90,55
84,doduo,14,392,62.0,normal,flying,35,85,45
85,dodrio,18,852,165.0,normal,flying,60,110,70
86,seel,11,900,65.0,water,,65,45,55
87,dewgong,17,1200,166.0,water,ice,90,70,80
88,grimer,9,300,65.0,poison,,80,80,50
89,muk,12,300,175.0,poison,,105,105,75
90,shellder,3,40,61.0,water,,30,65,100
91,cloyster,15,1325,184.0,water,ice,50,95,180
92,gastly,13,1,62.0,ghost,poison,30,35,30
93,haunter,16,1,142.0,ghost,poison,45,50,45
94,gengar,15,405,225.0,ghost,poison,60,65,60
95,onix,88,2100,77.0,rock,ground,35,45,160
96,drowzee,10,324,66.0,psychic,,60,48,45
97,hypno,16,756,169.0,psychic,,85,73,70
98,krabby,4,65,65.0,water,,30,105,90
99,kingler,13,600,166.0,water,,55,130,115
100,voltorb,5,104,66.0,electric,,40,30,50
101,electrode,12,666,172.0,electric,,60,50,70
102,exeggcute,4,25,65.0,grass,psychic,60,40,80
103,exeggutor,20,1200,186.0,grass,psychic,95,95,85
104,cubone,4,65,64.0,ground,,50,50,95
105,marowak,10,450,149.0,ground,,60,80,110
106,hitmonlee,15,498,159.0,fighting,,50,120,53
107,hitmonchan,14,502,159.0,fighting,,50,105,79
108,lickitung,12,655,77.0,normal,,90,55,75
109,koffing,6,10,68.0,poison,,40,65,95
110,weezing,12,95,172.0,poison,,65,90,120
111,rhyhorn,10,1150,69.0,ground,rock,80,85,95
112,rhydon,19,1200,170.0,ground,rock,105,130,120
113,chansey,11,346,395.0,normal,,250,5,5
114,tangela,10,350,87.0,grass,,65,55,115
115,kangaskhan,22,800,172.0,normal,,105,95,80
116,horsea,4,80,59.0,water,,30,40,70
117,seadra,12,250,154.0,water,,55,65,95
118,goldeen,6,150,64.0,water,,45,67,60
119,seaking,13,390,158.0,water,,80,92,65
120,staryu,8,345,68.0,water,,30,45,55
121,starmie,11,800,182.0,water,psychic,60,75,85
122,mr-mime,13,545,161.0,psychic,fairy,40,45,65
123,scyther,15,560,100.0,bug,flying,70,110,80
124,jynx,14,406,159.0,ice,psychic,65,50,35
125,electabuzz,11,300,172.0,electric,,65,83,57
126,magmar,13,445,173.0,fire,,65,95,57
127,pinsir,15,550,175.0,bug,,65,125,100
128,tauros,14,884,172.0,normal,,75,100,95
129,magikarp,9,100,40.0,water,,20,10,55
130,gyarados,65,2350,189.0,water,flying,95,125,79
131,lapras,25,2200,187.0,water,ice,130,85,80
132,ditto,3,40,101.0,normal,,48,48,48
133,eevee,3,65,65.0,normal,,55,55,50
134,vaporeon,10,290,184.0,water,,130,65,60
135,jolteon,8,245,184.0,electric,,65,65,60
136,flareon,9,250,184.0,fire,,65,130,60
137,porygon,8,365,79.0,normal,,65,60,70
138,omanyte,4,75,71.0,rock,water,35,40,100
139,omastar,10,350,173.0,rock,water,70,60,125
140,kabuto,5,115,71.0,rock,water,30,80,90
141,kabutops,13,405,173.0,rock,water,60,115,105
142,aerodactyl,18,590,180.0,rock,flying,80,105,65
143,snorlax,21,4600,189.0,normal,,160,110,65
144,articuno,17,554,261.0,ice,flying,90,85,100
145,zapdos,16,526,261.0,electric,flying,90,90,85
146,moltres,20,600,261.0,fire,flying,90,100,90
147,dratini,18,33,60.0,dragon,,41,64,45
148,dragonair,40,165,147.0,dragon,,61,84,65
149,dragonite,22,2100,270.0,dragon,flying,91,134,95
150,mewtwo,20,1220,306.0,psychic,,106,110,90
151,mew,4,40,270.0,psychic,,100,100,100
152,chikorita,9,64,64.0,grass,,45,49,65
153,bayleef,12,158,142.0,grass,,60,62,80
154,meganium,18,1005,236.0,grass,,80,82,100
155,cyndaquil,5,79,62.0,fire,,39,52,43
156,quilava,9,190,142.0,fire,,58,64,58
157,typhlosion,17,795,240.0,fire,,78,84,78
158,totodile,6,95,63.0,water,,50,65,64
159,croconaw,11,250,142.0,water,,65,80,80
160,feraligatr,23,888,239.0,water,,85,105,100
161,sentret,8,60,43.0,normal,,35,46,34
162,furret,18,325,145.0,normal,,85,76,64
163,hoothoot,7,212,52.0,normal,flying,60,30,30
164,noctowl,16,408,158.0,normal,flying,100,50,50
165,ledyba,10,108,53.0,bug,flying,40,20,30
166,ledian,14,356,137.0,bug,flying,55,35,50
167,spinarak,5,85,50.0,bug,poison,40,60,40
168,ariados,11,335,140.0,bug,poison,70,90,70
169,crobat,18,750,241.0,poison,flying,85,90,80
170,chinchou,5,120,66.0,water,electric,75,38,38
171,lanturn,12,225,161.0,water,electric,125,58,58
172,pichu,3,20,41.0,electric,,20,40,15
173,cleffa,3,30,44.0,fairy,,50,25,28
174,igglybuff,3,10,42.0,normal,fairy,90,30,15
175,togepi,3,15,49.0,fairy,,35,20,65
176,togetic,6,32,142.0,fairy,flying,55,40,85
177,natu,2,20,64.0,psychic,flying,40,50,45
178,xatu,15,150,165.0,psychic,flying,65,75,70
179,mareep,6,78,56.0,electric,,55,40,40
180,flaaffy,8,133,128.0,electric,,70,55,55
181,ampharos,14,615,230.0,electric,,90,75,85
182,bellossom,4,58,221.0,grass,,75,80,95
183,marill,4,85,88.0,water,fairy,70,20,50
184,azumarill,8,285,189.0,water,fairy,100,50,80
185,sudowoodo,12,380,144.0,rock,,70,100,115
186,politoed,11,339,225.0,water,,90,75,75
187,hoppip,4,5,50.0,grass,flying,35,35,40
188,skiploom,6,10,119.0,grass,flying,55,45,50
189,jumpluff,8,30,207.0,grass,flying,75,55,70
190,aipom,8,115,72.0,normal,,55,70,55
191,sunkern,3,18,36.0,grass,,30,30,30
192,sunflora,8,85,149.0,grass,,75,75,55
193,yanma,12,380,78.0,bug,flying,65,65,45
194,wooper,4,85,42.0,water,ground,55,45,45
195,quagsire,14,750,151.0,water,ground,95,85,85
196,espeon,9,265,184.0,psychic,,65,65,60
197,umbreon,10,270,184.0,dark,,95,65,110
198,murkrow,5,21,81.0,dark,flying,60,85,42
199,slowking,20,795,172.0,water,psychic,95,75,80
200,misdreavus,7,10,87.0,ghost,,60,60,60
201,unown,5,50,118.0,psychic,,48,72,48
202,wobbuffet,13,285,142.0,psychic,,190,33,58
203,girafarig,15,415,159.0,normal,psychic,70,80,65
204,pineco,6,72,58.0,bug,,50,65,90
205,forretress,12,1258,163.0,bug,steel,75,90,140
206,dunsparce,15,140,145.0,normal,,100,70,70
207,gligar,11,648,86.0,ground,flying,65,75,105
208,steelix,92,4000,179.0,steel,ground,75,85,200
209,snubbull,6,78,60.0,fairy,,60,80,50
210,granbull,14,487,158.0,fairy,,90,120,75
211,qwilfish,5,39,88.0,water,poison,65,95,85
212,scizor,18,1180,175.0,bug,steel,70,130,100
213,shuckle,6,205,177.0,bug,rock,20,10,230
214,heracross,15,540,175.0,bug,fighting,80,125,75
215,sneasel,9,280,86.0,dark,ice,55,95,55
216,teddiursa,6,88,66.0,normal,,60,80,50
217,ursaring,18,1258,175.0,normal,,90,130,75
218,slugma,7,350,50.0,fire,,40,40,40
219,magcargo,8,550,151.0,fire,rock,60,50,120
220,swinub,4,65,50.0,ice,ground,50,50,40
221,piloswine,11,558,158.0,ice,ground,100,100,80
222,corsola,6,50,144.0,water,rock,65,55,95
223,remoraid,6,120,60.0,water,,35,65,35
224,octillery,9,285,168.0,water,,75,105,75
225,delibird,9,160,116.0,ice,flying,45,55,45
226,mantine,21,2200,170.0,water,flying,85,40,70
227,skarmory,17,505,163.0,steel,flying,65,80,140
228,houndour,6,108,66.0,dark,fire,45,60,30
229,houndoom,14,350,175.0,dark,fire,75,90,50
230,kingdra,18,1520,243.0,water,dragon,75,95,95
231,phanpy,5,335,66.0,ground,,90,60,60
232,donphan,11,1200,175.0,ground,,90,120,120
233,porygon2,6,325,180.0,normal,,85,80,90
234,stantler,14,712,163.0,normal,,73,95,62
235,smeargle,12,580,88.0,normal,,55,20,35
236,tyrogue,7,210,42.0,fighting,,35,35,35
237,hitmontop,14,480,159.0,fighting,,50,95,95
238,smoochum,4,60,61.0,ice,psychic,45,30,15
239,elekid,6,235,72.0,electric,,45,63,37
240,magby,7,214,73.0,fire,,45,75,37
241,miltank,12,755,172.0,normal,,95,80,105
242,blissey,15,468,608.0,normal,,255,10,10
243,raikou,19,1780,261.0,electric,,90,85,75
244,entei,21,1980,261.0,fire,,115,115,85
245,suicune,20,1870,261.0,water,,100,75,115
246,larvitar,6,720,60.0,rock,ground,50,64,50
247,pupitar,12,1520,144.0,rock,ground,70,84,70
248,tyranitar,20,2020,270.0,rock,dark,100,134,110
249,lugia,52,2160,306.0,psychic,flying,106,90,130
250,ho-oh,38,1990,306.0,fire,flying,106,130,90
251,celebi,6,50,270.0,psychic,grass,100,100,100
252,treecko,5,50,62.0,grass,,40,45,35
253,grovyle,9,216,142.0,grass,,50,65,45
254,sceptile,17,522,239.0,grass,,70,85,65
255,torchic,4,25,62.0,fire,,45,60,40
256,combusken,9,195,142.0,fire,fighting,60,85,60
257,blaziken,19,520,239.0,fire,fighting,80,120,70
258,mudkip,4,76,62.0,water,,50,70,50
259,marshtomp,7,280,142.0,water,ground,70,85,70
260,swampert,15,819,241.0,water,ground,100,110,90
261,poochyena,5,136,56.0,dark,,35,55,35
262,mightyena,10,370,147.0,dark,,70,90,70
263,zigzagoon,4,175,56.0,normal,,38,30,41
264,linoone,5,325,147.0,normal,,78,70,61
265,wurmple,3,36,56.0,bug,,45,45,35
266,silcoon,6,100,72.0,bug,,50,35,55
267,beautifly,10,284,178.0,bug,flying,60,70,50
268,cascoon,7,115,72.0,bug,,50,35,55
269,dustox,12,316,173.0,bug,poison,60,50,70
270,lotad,5,26,44.0,water,grass,40,30,30
271,lombre,12,325,119.0,water,grass,60,50,50
272,ludicolo,15,550,216.0,water,grass,80,70,70
273,seedot,5,40,44.0,grass,,40,40,50
274,nuzleaf,10,280,119.0,grass,dark,70,70,40
275,shiftry,13,596,216.0,grass,dark,90,100,60
276,taillow,3,23,54.0,normal,flying,40,55,30
277,swellow,7,198,159.0,normal,flying,60,85,60
278,wingull,6,95,54.0,water,flying,40,30,30
279,pelipper,12,280,154.0,water,flying,60,50,100
280,ralts,4,66,40.0,psychic,fairy,28,25,25
281,kirlia,8,202,97.0,psychic,fairy,38,35,35
282,gardevoir,16,484,233.0,psychic,fairy,68,65,65
283,surskit,5,17,54.0,bug,water,40,30,32
284,masquerain,8,36,159.0,bug,flying,70,60,62
285,shroomish,4,45,59.0,grass,,60,40,60
286,breloom,12,392,161.0,grass,fighting,60,130,80
287,slakoth,8,240,56.0,normal,,60,60,60
288,vigoroth,14,465,154.0,normal,,80,80,80
289,slaking,20,1305,252.0,normal,,150,160,100
290,nincada,5,55,53.0,bug,ground,31,45,90
291,ninjask,8,120,160.0,bug,flying,61,90,45
292,shedinja,8,12,83.0,bug,ghost,1,90,45
293,whismur,6,163,48.0,normal,,64,51,23
294,loudred,10,405,126.0,normal,,84,71,43
295,exploud,15,840,221.0,normal,,104,91,63
296,makuhita,10,864,47.0,fighting,,72,60,30
297,hariyama,23,2538,166.0,fighting,,144,120,60
298,azurill,2,20,38.0,normal,fairy,50,20,40
299,nosepass,10,970,75.0,rock,,30,45,135
300,skitty,6,110,52.0,normal,,50,45,45
301,delcatty,11,326,140.0,normal,,70,65,65
302,sableye,5,110,133.0,dark,ghost,50,75,75
303,mawile,6,115,133.0,steel,fairy,50,85,85
304,aron,4,600,66.0,steel,rock,50,70,100
305,lairon,9,1200,151.0,steel,rock,60,90,140
306,aggron,21,3600,239.0,steel,rock,70,110,180
307,meditite,6,112,56.0,fighting,psychic,30,40,55
308,medicham,13,315,144.0,fighting,psychic,60,60,75
309,electrike,6,152,59.0,electric,,40,45,40
310,manectric,15,402,166.0,electric,,70,75,60
311,plusle,4,42,142.0,electric,,60,50,40
312,minun,4,42,142.0,electric,,60,40,50
313,volbeat,7,177,151.0,bug,,65,73,75
314,illumise,6,177,151.0,bug,,65,47,75
315,roselia,3,20,140.0,grass,poison,50,60,45
316,gulpin,4,103,60.0,poison,,70,43,53
317,swalot,17,800,163.0,poison,,100,73,83
318,carvanha,8,208,61.0,water,dark,45,90,20
319,sharpedo,18,888,161.0,water,dark,70,120,40
320,wailmer,20,1300,80.0,water,,130,70,35
321,wailord,145,3980,175.0,water,,170,90,45
322,numel,7,240,61.0,fire,ground,60,60,40
323,camerupt,19,2200,161.0,fire,ground,70,100,70
324,torkoal,5,804,165.0,fire,,70,85,140
325,spoink,7,306,66.0,psychic,,60,25,35
326,grumpig,9,715,165.0,psychic,,80,45,65
327,spinda,11,50,126.0,normal,,60,60,60
328,trapinch,7,150,58.0,ground,,45,100,45
329,vibrava,11,153,119.0,ground,dragon,50,70,50
330,flygon,20,820,234.0,ground,dragon,80,100,80
331,cacnea,4,513,67.0,grass,,50,85,40
332,cacturne,13,774,166.0,grass,dark,70,115,60
333,swablu,4,12,62.0,normal,flying,45,40,60
334,altaria,11,206,172.0,dragon,flying,75,70,90
335,zangoose,13,403,160.0,normal,,73,115,60
336,seviper,27,525,160.0,poison,,73,100,60
337,lunatone,10,1680,161.0,rock,psychic,90,55,65
338,solrock,12,1540,161.0,rock,psychic,90,95,85
339,barboach,4,19,58.0,water,ground,50,48,43
340,whiscash,9,236,164.0,water,ground,110,78,73
341,corphish,6,115,62.0,water,,43,80,65
342,crawdaunt,11,328,164.0,water,dark,63,120,85
343,baltoy,5,215,60.0,ground,psychic,40,40,55
344,claydol,15,1080,175.0,ground,psychic,60,70,105
345,lileep,10,238,71.0,rock,grass,66,41,77
346,cradily,15,604,173.0,rock,grass,86,81,97
347,anorith,7,125,71.0,rock,bug,45,95,50
348,armaldo,15,682,173.0,rock,bug,75,125,100
349,feebas,6,74,40.0,water,,20,15,20
350,milotic,62,1620,189.0,water,,95,60,79
351,castform,3,8,147.0,normal,,70,70,70
352,kecleon,10,220,154.0,normal,,60,90,70
353,shuppet,6,23,59.0,ghost,,44,75,35
354,banette,11,125,159.0,ghost,,64,115,65
355,duskull,8,150,59.0,ghost,,20,40,90
356,dusclops,16,306,159.0,ghost,,40,70,130
357,tropius,20,1000,161.0,grass,flying,99,68,83
358,chimecho,6,10,159.0,psychic,,75,50,80
359,absol,12,470,163.0,dark,,65,130,60
360,wynaut,6,140,52.0,psychic,,95,23,48
361,snorunt,7,168,60.0,ice,,50,50,50
362,glalie,15,2565,168.0,ice,,80,80,80
363,spheal,8,395,58.0,ice,water,70,40,50
364,sealeo,11,876,144.0,ice,water,90,60,70
365,walrein,14,1506,239.0,ice,water,110,80,90
366,clamperl,4,525,69.0,water,,35,64,85
367,huntail,17,270,170.0,water,,55,104,105
368,gorebyss,18,226,170.0,water,,55,84,105
369,relicanth,10,234,170.0,water,rock,100,90,130
370,luvdisc,6,87,116.0,water,,43,30,55
371,bagon,6,421,60.0,dragon,,45,75,60
372,shelgon,11,1105,147.0,dragon,,65,95,100
373,salamence,15,1026,270.0,dragon,flying,95,135,80
374,beldum,6,952,60.0,steel,psychic,40,55,80
375,metang,12,2025,147.0,steel,psychic,60,75,100
376,metagross,16,5500,270.0,steel,psychic,80,135,130
377,regirock,17,2300,261.0,rock,,80,100,200
378,regice,18,1750,261.0,ice,,80,50,100
379,registeel,19,2050,261.0,steel,,80,75,150
380,latias,14,400,270.0,dragon,psychic,80,80,90
381,latios,20,600,270.0,dragon,psychic,80,90,80
382,kyogre,45,3520,302.0,water,,100,100,90
383,groudon,35,9500,302.0,ground,,100,150,140
384,rayquaza,70,2065,306.0,dragon,flying,105,150,90
385,jirachi,3,11,270.0,steel,psychic,100,100,100
386,deoxys-normal,17,608,270.0,psychic,,50,150,50
387,turtwig,4,102,64.0,grass,,55,68,64
388,grotle,11,970,142.0,grass,,75,89,85
389,torterra,22,3100,236.0,grass,ground,95,109,105
390,chimchar,5,62,62.0,fire,,44,58,44
391,monferno,9,220,142.0,fire,fighting,64,78,52
392,infernape,12,550,240.0,fire,fighting,76,104,71
393,piplup,4,52,63.0,water,,53,51,53
394,prinplup,8,230,142.0,water,,64,66,68
395,empoleon,17,845,239.0,water,steel,84,86,88
396,starly,3,20,49.0,normal,flying,40,55,30
397,staravia,6,155,119.0,normal,flying,55,75,50
398,staraptor,12,249,218.0,normal,flying,85,120,70
399,bidoof,5,200,50.0,normal,,59,45,40
400,bibarel,10,315,144.0,normal,water,79,85,60
401,kricketot,3,22,39.0,bug,,37,25,41
402,kricketune,10,255,134.0,bug,,77,85,51
403,shinx,5,95,53.0,electric,,45,65,34
404,luxio,9,305,127.0,electric,,60,85,49
405,luxray,14,420,235.0,electric,,80,120,79
406,budew,2,12,56.0,grass,poison,40,30,35
407,roserade,9,145,232.0,grass,poison,60,70,65
408,cranidos,9,315,70.0,rock,,67,125,40
409,rampardos,16,1025,173.0,rock,,97,165,60
410,shieldon,5,570,70.0,rock,steel,30,42,118
411,bastiodon,13,1495,173.0,rock,steel,60,52,168
412,burmy,2,34,45.0,bug,,40,29,45
413,wormadam-plant,5,65,148.0,bug,grass,60,59,85
414,mothim,9,233,148.0,bug,flying,70,94,50
415,combee,3,55,49.0,bug,flying,30,30,42
416,vespiquen,12,385,166.0,bug,flying,70,80,102
417,pachirisu,4,39,142.0,electric,,60,45,70
418,buizel,7,295,66.0,water,,55,65,35
419,floatzel,11,335,173.0,water,,85,105,55
420,cherubi,4,33,55.0,grass,,45,35,45
421,cherrim,5,93,158.0,grass,,70,60,70
422,shellos,3,63,65.0,water,,76,48,48
423,gastrodon,9,299,166.0,water,ground,111,83,68
424,ambipom,12,203,169.0,normal,,75,100,66
425,drifloon,4,12,70.0,ghost,flying,90,50,34
426,drifblim,12,150,174.0,ghost,flying,150,80,44
427,buneary,4,55,70.0,normal,,55,66,44
428,lopunny,12,333,168.0,normal,,65,76,84
429,mismagius,9,44,173.0,ghost,,60,60,60
430,honchkrow,9,273,177.0,dark,flying,100,125,52
431,glameow,5,39,62.0,normal,,49,55,42
432,purugly,10,438,158.0,normal,,71,82,64
433,chingling,2,6,57.0,psychic,,45,30,50
434,stunky,4,192,66.0,poison,dark,63,63,47
435,skuntank,10,380,168.0,poison,dark,103,93,67
436,bronzor,5,605,60.0,steel,psychic,57,24,86
437,bronzong,13,1870,175.0,steel,psychic,67,89,116
438,bonsly,5,150,58.0,rock,,50,80,95
439,mime-jr,6,130,62.0,psychic,fairy,20,25,45
440,happiny,6,244,110.0,normal,,100,5,5
441,chatot,5,19,144.0,normal,flying,76,65,45
442,spiritomb,10,1080,170.0,ghost,dark,50,92,108
443,gible,7,205,60.0,dragon,ground,58,70,45
444,gabite,14,560,144.0,dragon,ground,68,90,65
445,garchomp,19,950,270.0,dragon,ground,108,130,95
446,munchlax,6,1050,78.0,normal,,135,85,40
447,riolu,7,202,57.0,fighting,,40,70,40
448,lucario,12,540,184.0,fighting,steel,70,110,70
449,hippopotas,8,495,66.0,ground,,68,72,78
450,hippowdon,20,3000,184.0,ground,,108,112,118
451,skorupi,8,120,66.0,poison,bug,40,50,90
452,drapion,13,615,175.0,poison,dark,70,90,110
453,croagunk,7,230,60.0,poison,fighting,48,61,40
454,toxicroak,13,444,172.0,poison,fighting,83,106,65
455,carnivine,14,270,159.0,grass,,74,100,72
456,finneon,4,70,66.0,water,,49,49,56
457,lumineon,12,240,161.0,water,,69,69,76
458,mantyke,10,650,69.0,water,flying,45,20,50
459,snover,10,505,67.0,grass,ice,60,62,50
460,abomasnow,22,1355,173.0,grass,ice,90,92,75
461,weavile,11,340,179.0,dark,ice,70,120,65
462,magnezone,12,1800,241.0,electric,steel,70,70,115
463,lickilicky,17,1400,180.0,normal,,110,85,95
464,rhyperior,24,2828,241.0,ground,rock,115,140,130
465,tangrowth,20,1286,187.0,grass,,100,100,125
466,electivire,18,1386,243.0,electric,,75,123,67
467,magmortar,16,680,243.0,fire,,75,95,67
468,togekiss,15,380,245.0,fairy,flying,85,50,95
469,yanmega,19,515,180.0,bug,flying,86,76,86
470,leafeon,10,255,184.0,grass,,65,110,130
471,glaceon,8,259,184.0,ice,,65,60,110
472,gliscor,20,425,179.0,ground,flying,75,95,125
473,mamoswine,25,2910,239.0,ice,ground,110,130,80
474,porygon-z,9,340,241.0,normal,,85,80,70
475,gallade,16,520,233.0,psychic,fighting,68,125,65
476,probopass,14,3400,184.0,rock,steel,60,55,145
477,dusknoir,22,1066,236.0,ghost,,45,100,135
478,froslass,13,266,168.0,ice,ghost,70,80,70
479,rotom,3,3,154.0,electric,ghost,50,50,77
480,uxie,3,3,261.0,psychic,,75,75,130
481,mesprit,3,3,261.0,psychic,,80,105,105
482,azelf,3,3,261.0,psychic,,75,125,70
483,dialga,54,6830,306.0,steel,dragon,100,120,120
484,palkia,42,3360,306.0,water,dragon,90,120,100
485,heatran,17,4300,270.0,fire,steel,91,90,106
486,regigigas,37,4200,302.0,normal,,110,160,110
487,giratina-altered,45,7500,306.0,ghost,dragon,150,100,120
488,cresselia,15,856,270.0,psychic,,120,70,110
489,phione,4,31,216.0,water,,80,80,80
490,manaphy,3,14,270.0,water,,100,100,100
491,darkrai,15,505,270.0,dark,,70,90,90
492,shaymin-land,2,21,270.0,grass,,100,100,100
493,arceus,32,3200,324.0,normal,,120,120,120
494,victini,4,40,270.0,psychic,fire,100,100,100
495,snivy,6,81,62.0,grass,,45,45,55
496,servine,8,160,145.0,grass,,60,60,75
497,serperior,33,630,238.0,grass,,75,75,95
498,tepig,5,99,62.0,fire,,65,63,45
499,pignite,10,555,146.0,fire,fighting,90,93,55
500,emboar,16,1500,238.0,fire,fighting,110,123,65
501,oshawott,5,59,62.0,water,,55,55,45
502,dewott,8,245,145.0,water,,75,75,60
503,samurott,15,946,238.0,water,,95,100,85
504,patrat,5,116,51.0,normal,,45,55,39
505,watchog,11,270,147.0,normal,,60,85,69
506,lillipup,4,41,55.0,normal,,45,60,45
507,herdier,9,147,130.0,normal,,65,80,65
508,stoutland,12,610,225.0,normal,,85,110,90
509,purrloin,4,101,56.0,dark,,41,50,37
510,liepard,11,375,156.0,dark,,64,88,50
511,pansage,6,105,63.0,grass,,50,53,48
512,simisage,11,305,174.0,grass,,75,98,63
513,pansear,6,110,63.0,fire,,50,53,48
514,simisear,10,280,174.0,fire,,75,98,63
515,panpour,6,135,63.0,water,,50,53,48
516,simipour,10,290,174.0,water,,75,98,63
517,munna,6,233,58.0,psychic,,76,25,45
518,musharna,11,605,170.0,psychic,,116,55,85
519,pidove,3,21,53.0,normal,flying,50,55,50
520,tranquill,6,150,125.0,normal,flying,62,77,62
521,unfezant,12,290,220.0,normal,flying,80,115,80
522,blitzle,8,298,59.0,electric,,45,60,32
523,zebstrika,16,795,174.0,electric,,75,100,63
524,roggenrola,4,180,56.0,rock,,55,75,85
525,boldore,9,1020,137.0,rock,,70,105,105
526,gigalith,17,2600,232.0,rock,,85,135,130
527,woobat,4,21,65.0,psychic,flying,65,45,43
528,swoobat,9,105,149.0,psychic,flying,67,57,55
529,drilbur,3,85,66.0,ground,,60,85,40
530,excadrill,7,404,178.0,ground,steel,110,135,60
531,audino,11,310,390.0,normal,,103,60,86
532,timburr,6,125,61.0,fighting,,75,80,55
533,gurdurr,12,400,142.0,fighting,,85,105,85
534,conkeldurr,14,870,227.0,fighting,,105,140,95
535,tympole,5,45,59.0,water,,50,50,40
536,palpitoad,8,170,134.0,water,ground,75,65,55
537,seismitoad,15,620,229.0,water,ground,105,95,75
538,throh,13,555,163.0,fighting,,120,100,85
539,sawk,14,510,163.0,fighting,,75,125,75
540,sewaddle,3,25,62.0,bug,grass,45,53,70
541,swadloon,5,73,133.0,bug,grass,55,63,90
542,leavanny,12,205,225.0,bug,grass,75,103,80
543,venipede,4,53,52.0,bug,poison,30,45,59
544,whirlipede,12,585,126.0,bug,poison,40,55,99
545,scolipede,25,2005,218.0,bug,poison,60,100,89
546,cottonee,3,6,56.0,grass,fairy,40,27,60
547,whimsicott,7,66,168.0,grass,fairy,60,67,85
548,petilil,5,66,56.0,grass,,45,35,50
549,lilligant,11,163,168.0,grass,,70,60,75
550,basculin-red-striped,10,180,161.0,water,,70,92,65
551,sandile,7,152,58.0,ground,dark,50,72,35
552,krokorok,10,334,123.0,ground,dark,60,82,45
553,krookodile,15,963,234.0,ground,dark,95,117,80
554,darumaka,6,375,63.0,fire,,70,90,45
555,darmanitan-standard,13,929,168.0,fire,,105,140,55
556,maractus,10,280,161.0,grass,,75,86,67
557,dwebble,3,145,65.0,bug,rock,50,65,85
558,crustle,14,2000,170.0,bug,rock,70,105,125
559,scraggy,6,118,70.0,dark,fighting,50,75,70
560,scrafty,11,300,171.0,dark,fighting,65,90,115
561,sigilyph,14,140,172.0,psychic,flying,72,58,80
562,yamask,5,15,61.0,ghost,,38,30,85
563,cofagrigus,17,765,169.0,ghost,,58,50,145
564,tirtouga,7,165,71.0,water,rock,54,78,103
565,carracosta,12,810,173.0,water,rock,74,108,133
566,archen,5,95,71.0,rock,flying,55,112,45
567,archeops,14,320,177.0,rock,flying,75,140,65
568,trubbish,6,310,66.0,poison,,50,50,62
569,garbodor,19,1073,166.0,poison,,80,95,82
570,zorua,7,125,66.0,dark,,40,65,40
571,zoroark,16,811,179.0,dark,,60,105,60
572,minccino,4,58,60.0,normal,,55,50,40
573,cinccino,5,75,165.0,normal,,75,95,60
574,gothita,4,58,58.0,psychic,,45,30,50
575,gothorita,7,180,137.0,psychic,,60,45,70
576,gothitelle,15,440,221.0,psychic,,70,55,95
577,solosis,3,10,58.0,psychic,,45,30,40
578,duosion,6,80,130.0,psychic,,65,40,50
579,reuniclus,10,201,221.0,psychic,,110,65,75
580,ducklett,5,55,61.0,water,flying,62,44,50
581,swanna,13,242,166.0,water,flying,75,87,63
582,vanillite,4,57,61.0,ice,,36,50,50
583,vanillish,11,410,138.0,ice,,51,65,65
584,vanilluxe,13,575,241.0,ice,,71,95,85
585,deerling,6,195,67.0,normal,grass,60,60,50
586,sawsbuck,19,925,166.0,normal,grass,80,100,70
587,emolga,4,50,150.0,electric,flying,55,75,60
588,karrablast,5,59,63.0,bug,,50,75,45
589,escavalier,10,330,173.0,bug,steel,70,135,105
590,foongus,2,10,59.0,grass,poison,69,55,45
591,amoonguss,6,105,162.0,grass,poison,114,85,70
592,frillish-male,12,330,67.0,water,ghost,55,40,50
593,jellicent-male,22,1350,168.0,water,ghost,100,60,70
594,alomomola,12,316,165.0,water,,165,75,80
595,joltik,1,6,64.0,bug,electric,50,47,50
596,galvantula,8,143,165.0,bug,electric,70,77,60
597,ferroseed,6,188,61.0,grass,steel,44,50,91
598,ferrothorn,10,1100,171.0,grass,steel,74,94,131
599,klink,3,210,60.0,steel,,40,55,70
600,klang,6,510,154.0,steel,,60,80,95
601,klinklang,6,810,234.0,steel,,60,100,115
602,tynamo,2,3,55.0,electric,,35,55,40
603,eelektrik,12,220,142.0,electric,,65,85,70
604,eelektross,21,805,232.0,electric,,85,115,80
605,elgyem,5,90,67.0,psychic,,55,55,55
606,beheeyem,10,345,170.0,psychic,,75,75,75
607,litwick,3,31,55.0,ghost,fire,50,30,55
608,lampent,6,130,130.0,ghost,fire,60,40,60
609,chandelure,10,343,234.0,ghost,fire,60,55,90
610,axew,6,180,64.0,dragon,,46,87,60
611,fraxure,10,360,144.0,dragon,,66,117,70
612,haxorus,18,1055,243.0,dragon,,76,147,90
613,cubchoo,5,85,61.0,ice,,55,70,40
614,beartic,26,2600,177.0,ice,,95,130,80
615,cryogonal,11,1480,180.0,ice,,80,50,50
616,shelmet,4,77,61.0,bug,,50,40,85
617,accelgor,8,253,173.0,bug,,80,70,40
618,stunfisk,7,110,165.0,ground,electric,109,66,84
619,mienfoo,9,200,70.0,fighting,,45,85,50
620,mienshao,14,355,179.0,fighting,,65,125,60
621,druddigon,16,1390,170.0,dragon,,77,120,90
622,golett,10,920,61.0,ground,ghost,59,74,50
623,golurk,28,3300,169.0,ground,ghost,89,124,80
624,pawniard,5,102,68.0,dark,steel,45,85,70
625,bisharp,16,700,172.0,dark,steel,65,125,100
626,bouffalant,16,946,172.0,normal,,95,110,95
627,rufflet,5,105,70.0,normal,flying,70,83,50
628,braviary,15,410,179.0,normal,flying,100,123,75
629,vullaby,5,90,74.0,dark,flying,70,55,75
630,mandibuzz,12,395,179.0,dark,flying,110,65,105
631,heatmor,14,580,169.0,fire,,85,97,66
632,durant,3,330,169.0,bug,steel,58,109,112
633,deino,8,173,60.0,dark,dragon,52,65,50
634,zweilous,14,500,147.0,dark,dragon,72,85,70
635,hydreigon,18,1600,270.0,dark,dragon,92,105,90
636,larvesta,11,288,72.0,bug,fire,55,85,55
637,volcarona,16,460,248.0,bug,fire,85,60,65
638,cobalion,21,2500,261.0,steel,fighting,91,90,129
639,terrakion,19,2600,261.0,rock,fighting,91,129,90
640,virizion,20,2000,261.0,grass,fighting,91,90,72
641,tornadus-incarnate,15,630,261.0,flying,,79,115,70
642,thundurus-incarnate,15,610,261.0,electric,flying,79,115,70
643,reshiram,32,3300,306.0,dragon,fire,100,120,100
644,zekrom,29,3450,306.0,dragon,electric,100,150,120
645,landorus-incarnate,15,680,270.0,ground,flying,89,125,90
646,kyurem,30,3250,297.0,dragon,ice,125,130,90
647,keldeo-ordinary,14,485,261.0,water,fighting,91,72,90
648,meloetta-aria,6,65,270.0,normal,psychic,100,77,77
649,genesect,15,825,270.0,bug,steel,71,120,95
650,chespin,4,90,63.0,grass,,56,61,65
651,quilladin,7,290,142.0,grass,,61,78,95
652,chesnaught,16,900,239.0,grass,fighting,88,107,122
653,fennekin,4,94,61.0,fire,,40,45,40
654,braixen,10,145,143.0,fire,,59,59,58
655,delphox,15,390,240.0,fire,psychic,75,69,72
656,froakie,3,70,63.0,water,,41,56,40
657,frogadier,6,109,142.0,water,,54,63,52
658,greninja,15,400,239.0,water,dark,72,95,67
659,bunnelby,4,50,47.0,normal,,38,36,38
660,diggersby,10,424,148.0,normal,ground,85,56,77
661,fletchling,3,17,56.0,normal,flying,45,50,43
662,fletchinder,7,160,134.0,fire,flying,62,73,55
663,talonflame,12,245,175.0,fire,flying,78,81,71
664,scatterbug,3,25,40.0,bug,,38,35,40
665,spewpa,3,84,75.0,bug,,45,22,60
666,vivillon,12,170,185.0,bug,flying,80,52,50
667,litleo,6,135,74.0,fire,normal,62,50,58
668,pyroar-male,15,815,177.0,fire,normal,86,68,72
669,flabebe,1,1,61.0,fairy,,44,38,39
670,floette,2,9,130.0,fairy,,54,45,47
671,florges,11,100,248.0,fairy,,78,65,68
672,skiddo,9,310,70.0,grass,,66,65,48
673,gogoat,17,910,186.0,grass,,123,100,62
674,pancham,6,80,70.0,fighting,,67,82,62
675,pangoro,21,1360,173.0,fighting,dark,95,124,78
676,furfrou,12,280,165.0,normal,,75,80,60
677,espurr,3,35,71.0,psychic,,62,48,54
678,meowstic-male,6,85,163.0,psychic,,74,48,76
679,honedge,8,20,65.0,steel,ghost,45,80,100
680,doublade,8,45,157.0,steel,ghost,59,110,150
681,aegislash-shield,17,530,234.0,steel,ghost,60,50,140
682,spritzee,2,5,68.0,fairy,,78,52,60
683,aromatisse,8,155,162.0,fairy,,101,72,72
684,swirlix,4,35,68.0,fairy,,62,48,66
685,slurpuff,8,50,168.0,fairy,,82,80,86
686,inkay,4,35,58.0,dark,psychic,53,54,53
687,malamar,15,470,169.0,dark,psychic,86,92,88
688,binacle,5,310,61.0,rock,water,42,52,67
689,barbaracle,13,960,175.0,rock,water,72,105,115
690,skrelp,5,73,64.0,poison,water,50,60,60
691,dragalge,18,815,173.0,poison,dragon,65,75,90
692,clauncher,5,83,66.0,water,,50,53,62
693,clawitzer,13,353,100.0,water,,71,73,88
694,helioptile,5,60,58.0,electric,normal,44,38,33
695,heliolisk,10,210,168.0,electric,normal,62,55,52
696,tyrunt,8,260,72.0,rock,dragon,58,89,77
697,tyrantrum,25,2700,182.0,rock,dragon,82,121,119
698,amaura,13,252,72.0,rock,ice,77,59,50
699,aurorus,27,2250,104.0,rock,ice,123,77,72
700,sylveon,10,235,184.0,fairy,,95,65,65
701,hawlucha,8,215,175.0,fighting,flying,78,92,75
702,dedenne,2,22,151.0,electric,fairy,67,58,57
703,carbink,3,57,100.0,rock,fairy,50,50,150
704,goomy,3,28,60.0,dragon,,45,50,35
705,sliggoo,8,175,158.0,dragon,,68,75,53
706,goodra,20,1505,270.0,dragon,,90,100,70
707,klefki,2,30,165.0,steel,fairy,57,80,91
708,phantump,4,70,62.0,ghost,grass,43,70,48
709,trevenant,15,710,166.0,ghost,grass,85,110,76
710,pumpkaboo-average,4,50,67.0,ghost,grass,49,66,70
711,gourgeist-average,9,125,173.0,ghost,grass,65,90,122
712,bergmite,10,995,61.0,ice,,55,69,85
713,avalugg,20,5050,180.0,ice,,95,117,184
714,noibat,5,80,49.0,flying,dragon,40,30,35
715,noivern,15,850,187.0,flying,dragon,85,70,80
716,xerneas,30,2150,306.0,fairy,,126,131,95
717,yveltal,58,2030,306.0,dark,flying,126,131,95
718,zygarde-50,50,3050,270.0,dragon,ground,108,100,121
719,diancie,7,88,270.0,rock,fairy,50,100,150
720,hoopa,5,90,270.0,psychic,ghost,80,110,60
721,volcanion,17,1950,270.0,fire,water,80,110,120
722,rowlet,3,15,64.0,grass,flying,68,55,55
723,dartrix,7,160,147.0,grass,flying,78,75,75
724,decidueye,16,366,239.0,grass,ghost,78,107,75
725,litten,4,43,64.0,fire,,45,65,40
726,torracat,7,250,147.0,fire,,65,85,50
727,incineroar,18,830,239.0,fire,dark,95,115,90
728,popplio,4,75,64.0,water,,50,54,54
729,brionne,6,175,147.0,water,,60,69,69
730,primarina,18,440,239.0,water,fairy,80,74,74
731,pikipek,3,12,53.0,normal,flying,35,75,30
732,trumbeak,6,148,124.0,normal,flying,55,85,50
733,toucannon,11,260,218.0,normal,flying,80,120,75
734,yungoos,4,60,51.0,normal,,48,70,30
735,gumshoos,7,142,146.0,normal,,88,110,60
736,grubbin,4,44,60.0,bug,,47,62,45
737,charjabug,5,105,140.0,bug,electric,57,82,95
738,vikavolt,15,450,225.0,bug,electric,77,70,90
739,crabrawler,6,70,68.0,fighting,,47,82,57
740,crabominable,17,1800,167.0,fighting,ice,97,132,77
741,oricorio-baile,6,34,167.0,fire,flying,75,70,70
742,cutiefly,1,2,61.0,bug,fairy,40,45,40
743,ribombee,2,5,162.0,bug,fairy,60,55,60
744,rockruff,5,92,56.0,rock,,45,65,40
745,lycanroc-midday,8,250,170.0,rock,,75,115,65
746,wishiwashi-solo,2,3,61.0,water,,45,20,20
747,mareanie,4,80,61.0,poison,water,50,53,62
748,toxapex,7,145,173.0,poison,water,50,63,152
749,mudbray,10,1100,77.0,ground,,70,100,70
750,mudsdale,25,9200,175.0,ground,,100,125,100
751,dewpider,3,40,54.0,water,bug,38,40,52
752,araquanid,18,820,159.0,water,bug,68,70,92
753,fomantis,3,15,50.0,grass,,40,55,35
754,lurantis,9,185,168.0,grass,,70,105,90
755,morelull,2,15,57.0,grass,fairy,40,35,55
756,shiinotic,10,115,142.0,grass,fairy,60,45,80
757,salandit,6,48,64.0,poison,fire,48,44,40
758,salazzle,12,222,168.0,poison,fire,68,64,60
759,stufful,5,68,68.0,normal,fighting,70,75,50
760,bewear,21,1350,175.0,normal,fighting,120,125,80
761,bounsweet,3,32,42.0,grass,,42,30,38
762,steenee,7,82,102.0,grass,,52,40,48
763,tsareena,12,214,230.0,grass,,72,120,98
764,comfey,1,3,170.0,fairy,,51,52,90
765,oranguru,15,760,172.0,normal,psychic,90,60,80
766,passimian,20,828,172.0,fighting,,100,120,90
767,wimpod,5,120,46.0,bug,water,25,35,40
768,golisopod,20,1080,186.0,bug,water,75,125,140
769,sandygast,5,700,64.0,ghost,ground,55,55,80
770,palossand,13,2500,168.0,ghost,ground,85,75,110
771,pyukumuku,3,12,144.0,water,,55,60,130
772,type-null,19,1205,107.0,normal,,95,95,95
773,silvally,23,1005,257.0,normal,,95,95,95
774,minior-red-meteor,3,400,154.0,rock,flying,60,60,100
775,komala,4,199,168.0,normal,,65,115,65
776,turtonator,20,2120,170.0,fire,dragon,60,78,135
777,togedemaru,3,33,152.0,electric,steel,65,98,63
778,mimikyu-disguised,2,7,167.0,ghost,fairy,55,90,80
779,bruxish,9,190,166.0,water,psychic,68,105,70
780,drampa,30,1850,170.0,normal,dragon,78,60,85
781,dhelmise,39,2100,181.0,ghost,grass,70,131,100
782,jangmo-o,6,297,60.0,dragon,,45,55,65
783,hakamo-o,12,470,147.0,dragon,fighting,55,75,90
784,kommo-o,16,782,270.0,dragon,fighting,75,110,125
785,tapu-koko,18,205,257.0,electric,fairy,70,115,85
786,tapu-lele,12,186,257.0,psychic,fairy,70,85,75
787,tapu-bulu,19,455,257.0,grass,fairy,70,130,115
788,tapu-fini,13,212,257.0,water,fairy,70,75,115
789,cosmog,2,1,40.0,psychic,,43,29,31
790,cosmoem,1,9999,140.0,psychic,,43,29,131
791,solgaleo,34,2300,306.0,psychic,steel,137,137,107
792,lunala,40,1200,306.0,psychic,ghost,137,113,89
793,nihilego,12,555,257.0,rock,poison,109,53,47
794,buzzwole,24,3336,257.0,bug,fighting,107,139,139
795,pheromosa,18,250,257.0,bug,fighting,71,137,37
796,xurkitree,38,1000,257.0,electric,,83,89,71
797,celesteela,92,9999,257.0,steel,flying,97,101,103
798,kartana,3,1,257.0,grass,steel,59,181,131
799,guzzlord,55,8880,257.0,dark,dragon,223,101,53
800,necrozma,24,2300,270.0,psychic,,97,107,101
801,magearna,10,805,270.0,steel,fairy,80,95,115
802,marshadow,7,222,270.0,fighting,ghost,90,125,80
803,poipole,6,18,189.0,poison,,67,73,67
804,naganadel,36,1500,243.0,poison,dragon,73,73,73
805,stakataka,55,8200,257.0,rock,steel,61,131,211
806,blacephalon,18,130,257.0,fire,ghost,53,127,53
807,zeraora,15,445,270.0,electric,,88,112,75
808,meltan,2,80,135.0,steel,,46,65,65
809,melmetal,25,8000,270.0,steel,,135,143,143
810,grookey,3,50,62.0,grass,,50,65,50
811,thwackey,7,140,147.0,grass,,70,85,70
812,rillaboom,21,900,265.0,grass,,100,125,90
813,scorbunny,3,45,62.0,fire,,50,71,40
814,raboot,6,90,147.0,fire,,65,86,60
815,cinderace,14,330,265.0,fire,,80,116,75
816,sobble,3,40,62.0,water,,50,40,40
817,drizzile,7,115,147.0,water,,65,60,55
818,inteleon,19,452,265.0,water,,70,85,65
819,skwovet,3,25,55.0,normal,,70,55,55
820,greedent,6,60,161.0,normal,,120,95,95
821,rookidee,2,18,49.0,flying,,38,47,35
822,corvisquire,8,160,128.0,flying,,68,67,55
823,corviknight,22,750,248.0,flying,steel,98,87,105
824,blipbug,4,80,36.0,bug,,25,20,20
825,dottler,4,195,117.0,bug,psychic,50,35,80
826,orbeetle,4,408,253.0,bug,psychic,60,45,110
827,nickit,6,89,49.0,dark,,40,28,28
828,thievul,12,199,159.0,dark,,70,58,58
829,gossifleur,4,22,50.0,grass,,40,40,60
830,eldegoss,5,25,161.0,grass,,60,50,90
831,wooloo,6,60,122.0,normal,,42,40,55
832,dubwool,13,430,172.0,normal,,72,80,100
833,chewtle,3,85,57.0,water,,50,64,50
834,drednaw,10,1155,170.0,water,rock,90,115,90
835,yamper,3,135,54.0,electric,,59,45,50
836,boltund,10,340,172.0,electric,,69,90,60
837,rolycoly,3,120,48.0,rock,,30,40,50
838,carkol,11,780,144.0,rock,fire,80,60,90
839,coalossal,28,3105,255.0,rock,fire,110,80,120
840,applin,2,5,52.0,grass,dragon,40,40,80
841,flapple,3,10,170.0,grass,dragon,70,110,80
842,appletun,4,130,170.0,grass,dragon,110,85,80
843,silicobra,22,76,63.0,ground,,52,57,75
844,sandaconda,38,655,179.0,ground,,72,107,125
845,cramorant,8,180,166.0,flying,water,70,85,55
846,arrokuda,5,10,56.0,water,,41,63,40
847,barraskewda,13,300,172.0,water,,61,123,60
848,toxel,4,110,48.0,electric,poison,40,38,35
849,toxtricity-amped,16,400,176.0,electric,poison,75,98,70
850,sizzlipede,7,10,61.0,fire,bug,50,65,45
851,centiskorch,30,1200,184.0,fire,bug,100,115,65
852,clobbopus,6,40,62.0,fighting,,50,68,60
853,grapploct,16,390,168.0,fighting,,80,118,90
854,sinistea,1,2,62.0,ghost,,40,45,45
855,polteageist,2,4,178.0,ghost,,60,65,65
856,hatenna,4,34,53.0,psychic,,42,30,45
857,hattrem,6,48,130.0,psychic,,57,40,65
858,hatterene,21,51,255.0,psychic,fairy,57,90,95
859,impidimp,4,55,53.0,dark,fairy,45,45,30
860,morgrem,8,125,130.0,dark,fairy,65,60,45
861,grimmsnarl,15,610,255.0,dark,fairy,95,120,65
862,obstagoon,16,460,260.0,dark,normal,93,90,101
863,perrserker,8,280,154.0,steel,,70,110,100
864,cursola,10,4,179.0,ghost,,60,95,50
865,sirfetchd,8,1170,177.0,fighting,,62,135,95
866,mr-rime,15,582,182.0,ice,psychic,80,85,75
867,runerigus,16,666,169.0,ground,ghost,58,95,145
868,milcery,2,3,54.0,fairy,,45,40,40
869,alcremie,3,5,173.0,fairy,,65,60,75
870,falinks,30,620,165.0,fighting,,65,100,100
871,pincurchin,3,10,152.0,electric,,48,101,95
872,snom,3,38,37.0,ice,bug,30,25,35
873,frosmoth,13,420,166.0,ice,bug,70,65,60
874,stonjourner,25,5200,165.0,rock,,100,125,135
875,eiscue-ice,14,890,165.0,ice,,75,80,110
876,indeedee-male,9,280,166.0,psychic,normal,60,65,55
877,morpeko-full-belly,3,30,153.0,electric,dark,58,95,58
878,cufant,12,1000,66.0,steel,,72,80,49
879,copperajah,30,6500,175.0,steel,,122,130,69
880,dracozolt,18,1900,177.0,electric,dragon,90,100,90
881,arctozolt,23,1500,177.0,electric,ice,90,100,90
882,dracovish,23,2150,177.0,water,dragon,90,90,100
883,arctovish,20,1750,177.0,water,ice,90,90,100
884,duraludon,18,400,187.0,steel,dragon,70,95,115
885,dreepy,5,20,54.0,dragon,ghost,28,60,30
886,drakloak,14,110,144.0,dragon,ghost,68,80,50
887,dragapult,30,500,300.0,dragon,ghost,88,120,75
888,zacian,28,1100,335.0,fairy,,92,120,115
889,zamazenta,29,2100,335.0,fighting,,92,120,115
890,eternatus,200,9500,345.0,poison,dragon,140,85,95
891,kubfu,6,120,77.0,fighting,,60,90,60
892,urshifu-single-strike,19,1050,275.0,fighting,dark,100,130,100
893,zarude,18,700,300.0,dark,grass,105,120,105
894,regieleki,12,1450,290.0,electric,,80,100,50
895,regidrago,21,2000,290.0,dragon,,200,100,50
896,glastrier,22,8000,290.0,ice,,100,145,130
897,spectrier,20,445,290.0,ghost,,100,65,60
898,calyrex,11,77,250.0,psychic,grass,100,80,80
899,wyrdeer,18,951,263.0,normal,psychic,103,105,72
900,kleavor,18,890,175.0,bug,rock,70,135,95
901,ursaluna,24,2900,275.0,ground,normal,130,140,105
902,basculegion-male,30,1100,265.0,water,ghost,120,112,65
903,sneasler,13,430,102.0,fighting,poison,80,130,60
904,overqwil,25,605,179.0,dark,poison,85,115,95
905,enamorus-incarnate,16,480,116.0,fairy,flying,74,115,70
906,sprigatito,4,41,62.0,grass,,40,61,54
907,floragato,9,122,144.0,grass,,61,80,63
908,meowscarada,15,312,265.0,grass,dark,76,110,70
909,fuecoco,4,98,62.0,fire,,67,45,59
910,crocalor,10,307,144.0,fire,,81,55,78
911,skeledirge,16,3265,265.0,fire,ghost,104,75,100
912,quaxly,5,61,62.0,water,,55,65,45
913,quaxwell,12,215,144.0,water,,70,85,65
914,quaquaval,18,619,265.0,water,fighting,85,120,80
915,lechonk,5,102,51.0,normal,,54,45,40
916,oinkologne-male,10,1200,171.0,normal,,110,100,75
917,tarountula,3,40,42.0,bug,,35,41,45
918,spidops,10,165,141.0,bug,,60,79,92
919,nymble,2,10,42.0,bug,,33,46,40
920,lokix,10,175,158.0,bug,dark,71,102,78
921,pawmi,3,25,48.0,electric,,45,50,20
922,pawmo,4,65,123.0,electric,fighting,60,75,40
923,pawmot,9,410,245.0,electric,fighting,70,115,70
924,tandemaus,3,18,61.0,normal,,50,50,45
925,maushold-family-of-four,3,28,165.0,normal,,74,75,70
926,fidough,3,109,62.0,fairy,,37,55,70
927,dachsbun,5,149,167.0,fairy,,57,80,115
928,smoliv,3,65,52.0,grass,normal,41,35,45
929,dolliv,6,119,124.0,grass,normal,52,53,60
930,arboliva,14,482,255.0,grass,normal,78,69,90
931,squawkabilly-green-plumage,6,24,146.0,normal,flying,82,96,51
932,nacli,4,160,56.0,rock,,55,55,75
933,naclstack,6,1050,124.0,rock,,60,60,100
934,garganacl,23,2400,250.0,rock,,100,100,130
935,charcadet,6,105,51.0,fire,,40,50,40
936,armarouge,15,850,263.0,fire,psychic,85,60,100
937,ceruledge,16,620,263.0,fire,ghost,75,125,80
938,tadbulb,3,4,54.0,electric,,61,31,41
939,bellibolt,12,1130,173.0,electric,,109,64,91
940,wattrel,4,36,56.0,electric,flying,40,40,35
941,kilowattrel,14,386,172.0,electric,flying,70,70,60
942,maschiff,5,160,68.0,dark,,60,78,60
943,mabosstiff,11,610,177.0,dark,,80,120,90
944,shroodle,2,7,58.0,poison,normal,40,65,35
945,grafaiai,7,272,170.0,poison,normal,63,95,65
946,bramblin,6,6,55.0,grass,ghost,40,65,30
947,brambleghast,12,60,168.0,grass,ghost,55,115,70
948,toedscool,9,330,67.0,ground,grass,40,40,35
949,toedscruel,19,580,180.0,ground,grass,80,70,65
950,klawf,13,790,158.0,rock,,70,100,115
951,capsakid,3,30,61.0,grass,,50,62,40
952,scovillain,9,150,170.0,grass,fire,65,108,65
953,rellor,2,10,54.0,bug,,41,50,60
954,rabsca,3,35,165.0,bug,psychic,75,50,85
955,flittle,2,15,51.0,psychic,,30,35,30
956,espathra,19,900,168.0,psychic,,95,60,60
957,tinkatink,4,89,59.0,fairy,steel,50,45,45
958,tinkatuff,7,591,133.0,fairy,steel,65,55,55
959,tinkaton,7,1128,253.0,fairy,steel,85,75,77
960,wiglett,12,18,49.0,water,,10,55,25
961,wugtrio,12,54,149.0,water,,35,100,50
962,bombirdier,15,429,243.0,flying,dark,70,103,85
963,finizen,13,602,63.0,water,,70,45,40
964,palafin-zero,13,602,160.0,water,,100,70,72
965,varoom,10,350,60.0,steel,poison,45,70,63
966,revavroom,18,1200,175.0,steel,poison,80,119,90
967,cyclizar,16,630,175.0,dragon,normal,70,95,65
968,orthworm,25,3100,240.0,steel,,70,85,145
969,glimmet,7,80,70.0,rock,poison,48,35,42
970,glimmora,15,450,184.0,rock,poison,83,55,90
971,greavard,6,350,58.0,ghost,,50,61,60
972,houndstone,20,150,171.0,ghost,,72,101,100
973,flamigo,16,370,175.0,flying,fighting,82,115,74
974,cetoddle,12,450,67.0,ice,,108,68,45
975,cetitan,45,7000,182.0,ice,,170,113,65
976,veluza,25,900,167.0,water,psychic,90,102,73
977,dondozo,120,2200,265.0,water,,150,100,115
978,tatsugiri-curly,3,80,166.0,dragon,water,68,50,60
979,annihilape,12,560,268.0,fighting,ghost,110,115,80
980,clodsire,18,2230,151.0,poison,ground,130,75,60
981,farigiraf,32,1600,260.0,normal,psychic,120,90,70
982,dudunsparce-two-segment,36,392,182.0,normal,,125,100,80
983,kingambit,20,1200,275.0,dark,steel,100,135,120
984,great-tusk,22,3200,285.0,ground,fighting,115,131,131
985,scream-tail,12,80,285.0,fairy,psychic,115,65,99
986,brute-bonnet,12,210,285.0,grass,dark,111,127,99
987,flutter-mane,14,40,285.0,ghost,fairy,55,55,55
988,slither-wing,32,920,285.0,bug,fighting,85,135,79
989,sandy-shocks,23,600,285.0,electric,ground,85,81,97
990,iron-treads,9,2400,285.0,ground,steel,90,112,120
991,iron-bundle,6,110,285.0,ice,water,56,80,114
992,iron-hands,18,3807,285.0,fighting,electric,154,140,108
993,iron-jugulis,13,1110,285.0,dark,flying,94,80,86
994,iron-moth,12,360,285.0,fire,poison,80,70,60
995,iron-thorns,16,3030,285.0,rock,electric,100,134,110
996,frigibax,5,170,64.0,dragon,ice,65,75,45
997,arctibax,8,300,148.0,dragon,ice,90,95,66
998,baxcalibur,21,2100,300.0,dragon,ice,115,145,92
999,gimmighoul,3,50,60.0,ghost,,45,30,70
1000,gholdengo,12,300,275.0,steel,ghost,87,60,95
1001,wo-chien,15,742,285.0,dark,grass,85,85,100
1002,chien-pao,19,1522,285.0,dark,ice,80,120,80
1003,ting-lu,27,6997,285.0,dark,ground,155,110,125
1004,chi-yu,4,49,285.0,dark,fire,55,80,80
1005,roaring-moon,20,3800,295.0,dragon,dark,105,139,71
1006,iron-valiant,14,350,295.0,fairy,fighting,74,130,90
1007,koraidon,25,3030,335.0,fighting,dragon,100,135,115
1008,miraidon,35,2400,335.0,electric,dragon,100,85,100
1009,walking-wake,35,2800,295.0,water,dragon,99,83,91
1010,iron-leaves,15,1250,295.0,grass,psychic,90,130,88
1011,dipplin,4,97,170.0,grass,dragon,80,80,110
1012,poltchageist,1,11,62.0,grass,ghost,40,45,45
1013,sinistcha,2,22,178.0,grass,ghost,71,60,106
1014,okidogi,18,922,278.0,poison,fighting,88,128,115
1015,munkidori,10,122,278.0,poison,psychic,88,75,66
1016,fezandipiti,14,301,278.0,poison,fairy,88,91,82
1017,ogerpon,12,398,275.0,grass,,80,120,84
1018,archaludon,20,600,300.0,steel,dragon,90,105,130
1019,hydrapple,18,930,270.0,grass,dragon,106,80,110
1020,gouging-fire,35,5900,295.0,fire,dragon,105,115,121
1021,raging-bolt,52,4800,295.0,electric,dragon,125,73,91
1022,iron-boulder,15,1625,295.0,rock,psychic,90,120,80
1023,iron-crown,16,1560,295.0,steel,psychic,90,72,100
1024,terapagos,2,65,90.0,normal,,90,65,85
1025,pecharunt,3,3,300.0,poison,ghost,88,88,160
10001,deoxys-attack,17,608,270.0,psychic,,50,180,20
10002,deoxys-defense,17,608,270.0,psychic,,50,70,160
10003,deoxys-speed,17,608,270.0,psychic,,50,95,90
10004,wormadam-sandy,5,65,148.0,bug,ground,60,79,105
10005,wormadam-trash,5,65,148.0,bug,steel,60,69,95
10006,shaymin-sky,4,52,270.0,grass,flying,100,103,75
10007,giratina-origin,69,6500,340.0,ghost,dragon,150,120,100
10008,rotom-heat,3,3,182.0,electric,fire,50,65,107
10009,rotom-wash,3,3,182.0,electric,water,50,65,107
10010,rotom-frost,3,3,182.0,electric,ice,50,65,107
10011,rotom-fan,3,3,182.0,electric,flying,50,65,107
10012,rotom-mow,3,3,182.0,electric,grass,50,65,107
10013,castform-sunny,3,8,147.0,fire,,70,70,70
10014,castform-rainy,3,8,147.0,water,,70,70,70
10015,castform-snowy,3,8,147.0,ice,,70,70,70
10016,basculin-blue-striped,10,180,161.0,water,,70,92,65
10017,darmanitan-zen,13,929,189.0,fire,psychic,105,30,105
10018,meloetta-pirouette,6,65,270.0,normal,fighting,100,128,90
10019,tornadus-therian,14,630,290.0,flying,,79,100,80
10020,thundurus-therian,30,610,290.0,electric,flying,79,105,70
10021,landorus-therian,13,680,300.0,ground,flying,89,145,90
10022,kyurem-black,33,3250,350.0,dragon,ice,125,170,100
10023,kyurem-white,36,3250,350.0,dragon,ice,125,120,90
10024,keldeo-resolute,14,485,290.0,water,fighting,91,72,90
10025,meowstic-female,6,85,163.0,psychic,,74,48,76
10026,aegislash-blade,17,530,250.0,steel,ghost,60,140,50
10027,pumpkaboo-small,3,35,67.0,ghost,grass,44,66,70
10028,pumpkaboo-large,5,75,67.0,ghost,grass,54,66,70
10029,pumpkaboo-super,8,150,67.0,ghost,grass,59,66,70
10030,gourgeist-small,7,95,173.0,ghost,grass,55,85,122
10031,gourgeist-large,11,140,173.0,ghost,grass,75,95,122
10032,gourgeist-super,17,390,173.0,ghost,grass,85,100,122
10033,venusaur-mega,24,1555,281.0,grass,poison,80,100,123
10034,charizard-mega-x,17,1105,285.0,fire,dragon,78,130,111
10035,charizard-mega-y,17,1005,285.0,fire,flying,78,104,78
10036,blastoise-mega,16,1011,284.0,water,,79,103,120
10037,alakazam-mega,12,480,270.0,psychic,,55,50,65
10038,gengar-mega,14,405,270.0,ghost,poison,60,65,80
10039,kangaskhan-mega,22,1000,207.0,normal,,105,125,100
10040,pinsir-mega,17,590,210.0,bug,flying,65,155,120
10041,gyarados-mega,65,3050,224.0,water,dark,95,155,109
10042,aerodactyl-mega,21,790,215.0,rock,flying,80,135,85
10043,mewtwo-mega-x,23,1270,351.0,psychic,fighting,106,190,100
10044,mewtwo-mega-y,15,330,351.0,psychic,,106,150,70
10045,ampharos-mega,14,615,275.0,electric,dragon,90,95,105
10046,scizor-mega,20,1250,210.0,bug,steel,70,150,140
10047,heracross-mega,17,625,210.0,bug,fighting,80,185,115
10048,houndoom-mega,19,495,210.0,dark,fire,75,90,90
10049,tyranitar-mega,25,2550,315.0,rock,dark,100,164,150
10050,blaziken-mega,19,520,284.0,fire,fighting,80,160,80
10051,gardevoir-mega,16,484,278.0,psychic,fairy,68,85,65
10052,mawile-mega,10,235,168.0,steel,fairy,50,105,125
10053,aggron-mega,22,3950,284.0,steel,,70,140,230
10054,medicham-mega,13,315,179.0,fighting,psychic,60,100,85
10055,manectric-mega,18,440,201.0,electric,,70,75,80
10056,banette-mega,12,130,194.0,ghost,,64,165,75
10057,absol-mega,12,490,198.0,dark,,65,150,60
10058,garchomp-mega,19,950,315.0,dragon,ground,108,170,115
10059,lucario-mega,13,575,219.0,fighting,steel,70,145,88
10060,abomasnow-mega,27,1850,208.0,grass,ice,90,132,105
10061,floette-eternal,2,9,243.0,fairy,,74,65,67
10062,latias-mega,18,520,315.0,dragon,psychic,80,100,120
10063,latios-mega,23,700,315.0,dragon,psychic,80,130,100
10064,swampert-mega,19,1020,286.0,water,ground,100,150,110
10065,sceptile-mega,19,552,284.0,grass,dragon,70,110,75
10066,sableye-mega,5,1610,168.0,dark,ghost,50,85,125
10067,altaria-mega,15,206,207.0,dragon,fairy,75,110,110
10068,gallade-mega,16,564,278.0,psychic,fighting,68,165,95
10069,audino-mega,15,320,425.0,normal,fairy,103,60,126
10070,sharpedo-mega,25,1303,196.0,water,dark,70,140,70
10071,slowbro-mega,20,1200,207.0,water,psychic,95,75,180
10072,steelix-mega,105,7400,214.0,steel,ground,75,125,230
10073,pidgeot-mega,22,505,261.0,normal,flying,83,80,80
10074,glalie-mega,21,3502,203.0,ice,,80,120,80
10075,diancie-mega,11,278,315.0,rock,fairy,50,160,110
10076,metagross-mega,25,9429,315.0,steel,psychic,80,145,150
10077,kyogre-primal,98,4300,347.0,water,,100,150,90
10078,groudon-primal,50,9997,347.0,ground,fire,100,180,160
10079,rayquaza-mega,108,3920,351.0,dragon,flying,105,180,100
10080,pikachu-rock-star,4,60,112.0,electric,,35,55,40
10081,pikachu-belle,4,60,112.0,electric,,35,55,40
10082,pikachu-pop-star,4,60,112.0,electric,,35,55,40
10083,pikachu-phd,4,60,112.0,electric,,35,55,40
10084,pikachu-libre,4,60,112.0,electric,,35,55,40
10085,pikachu-cosplay,4,60,112.0,electric,,35,55,40
10086,hoopa-unbound,65,4900,306.0,psychic,dark,80,160,60
10087,camerupt-mega,25,3205,196.0,fire,ground,70,120,100
10088,lopunny-mega,13,283,203.0,normal,fighting,65,136,94
10089,salamence-mega,18,1126,315.0,dragon,flying,95,145,130
10090,beedrill-mega,14,405,223.0,bug,poison,65,150,40
10091,rattata-alola,3,38,51.0,dark,normal,30,56,35
10092,raticate-alola,7,255,145.0,dark,normal,75,71,70
10093,raticate-totem-alola,14,1050,145.0,dark,normal,75,71,70
10094,pikachu-original-cap,4,60,112.0,electric,,35,55,40
10095,pikachu-hoenn-cap,4,60,112.0,electric,,35,55,40
10096,pikachu-sinnoh-cap,4,60,112.0,electric,,35,55,40
10097,pikachu-unova-cap,4,60,112.0,electric,,35,55,40
10098,pikachu-kalos-cap,4,60,112.0,electric,,35,55,40
10099,pikachu-alola-cap,4,60,112.0,electric,,35,55,40
10100,raichu-alola,7,210,243.0,electric,psychic,60,85,50
10101,sandshrew-alola,7,400,60.0,ice,steel,50,75,90
10102,sandslash-alola,12,550,158.0,ice,steel,75,100,120
10103,vulpix-alola,6,99,60.0,ice,,38,41,40
10104,ninetales-alola,11,199,177.0,ice,fairy,73,67,75
10105,diglett-alola,2,10,53.0,ground,steel,10,55,30
10106,dugtrio-alola,7,666,149.0,ground,steel,35,100,60
10107,meowth-alola,4,42,58.0,dark,,40,35,35
10108,persian-alola,11,330,154.0,dark,,65,60,60
10109,geodude-alola,4,203,60.0,rock,electric,40,80,100
10110,graveler-alola,10,1100,137.0,rock,electric,55,95,115
10111,golem-alola,17,3160,223.0,rock,electric,80,120,130
10112,grimer-alola,7,420,65.0,poison,dark,80,80,50
10113,muk-alola,10,520,175.0,poison,dark,105,105,75
10114,exeggutor-alola,109,4156,186.0,grass,dragon,95,105,85
10115,marowak-alola,10,340,149.0,fire,ghost,60,80,110
10116,greninja-battle-bond,15,400,239.0,water,dark,72,95,67
10117,greninja-ash,15,400,288.0,water,dark,72,145,67
10118,zygarde-10-power-construct,12,335,243.0,dragon,ground,54,100,71
10119,zygarde-50-power-construct,50,3050,300.0,dragon,ground,108,100,121
10120,zygarde-complete,45,6100,354.0,dragon,ground,216,100,121
10121,gumshoos-totem,14,600,146.0,normal,,88,110,60
10122,vikavolt-totem,26,1475,225.0,bug,electric,77,70,90
10123,oricorio-pom-pom,6,34,167.0,electric,flying,75,70,70
10124,oricorio-pau,6,34,167.0,psychic,flying,75,70,70
10125,oricorio-sensu,6,34,167.0,ghost,flying,75,70,70
10126,lycanroc-midnight,11,250,170.0,rock,,85,115,75
10127,wishiwashi-school,82,786,217.0,water,,45,140,130
10128,lurantis-totem,15,580,168.0,grass,,70,105,90
10129,salazzle-totem,21,810,168.0,poison,fire,68,64,60
10130,minior-orange-meteor,3,400,154.0,rock,flying,60,60,100
10131,minior-yellow-meteor,3,400,154.0,rock,flying,60,60,100
10132,minior-green-meteor,3,400,154.0,rock,flying,60,60,100
10133,minior-blue-meteor,3,400,154.0,rock,flying,60,60,100
10134,minior-indigo-meteor,3,400,154.0,rock,flying,60,60,100
10135,minior-violet-meteor,3,400,154.0,rock,flying,60,60,100
10136,minior-red,3,3,175.0,rock,flying,60,100,60
10137,minior-orange,3,3,175.0,rock,flying,60,100,60
10138,minior-yellow,3,3,175.0,rock,flying,60,100,60
10139,minior-green,3,3,175.0,rock,flying,60,100,60
10140,minior-blue,3,3,175.0,rock,flying,60,100,60
10141,minior-indigo,3,3,175.0,rock,flying,60,100,60
10142,minior-violet,3,3,175.0,rock,flying,60,100,60
10143,mimikyu-busted,2,7,167.0,ghost,fairy,55,90,80
10144,mimikyu-totem-disguised,4,28,167.0,ghost,fairy,55,90,80
10145,mimikyu-totem-busted,4,28,167.0,ghost,fairy,55,90,80
10146,kommo-o-totem,24,2075,270.0,dragon,fighting,75,110,125
10147,magearna-original,10,805,300.0,steel,fairy,80,95,115
10148,pikachu-partner-cap,4,60,112.0,electric,,35,55,40
10149,marowak-totem,17,980,149.0,fire,ghost,60,80,110
10150,ribombee-totem,4,20,162.0,bug,fairy,60,55,60
10151,rockruff-own-tempo,5,92,56.0,rock,,45,65,40
10152,lycanroc-dusk,8,250,170.0,rock,,75,117,65
10153,araquanid-totem,31,2175,159.0,water,bug,68,70,92
10154,togedemaru-totem,6,130,152.0,electric,steel,65,98,63
10155,necrozma-dusk,38,4600,340.0,psychic,steel,97,157,127
10156,necrozma-dawn,42,3500,340.0,psychic,ghost,97,113,109
10157,necrozma-ultra,75,2300,339.0,psychic,dragon,97,167,97
10158,pikachu-starter,4,60,86.0,electric,,45,80,50
10159,eevee-starter,3,65,87.0,normal,,65,75,70
10160,pikachu-world-cap,4,60,112.0,electric,,35,55,40
10161,meowth-galar,4,75,58.0,steel,,50,65,55
10162,ponyta-galar,8,240,82.0,psychic,,50,85,55
10163,rapidash-galar,17,800,175.0,psychic,fairy,65,100,70
10164,slowpoke-galar,12,360,63.0,psychic,,90,65,65
10165,slowbro-galar,16,705,172.0,poison,psychic,95,100,95
10166,farfetchd-galar,8,420,132.0,fighting,,52,95,55
10167,weezing-galar,30,160,172.0,poison,fairy,65,90,120
10168,mr-mime-galar,14,568,161.0,ice,psychic,50,65,65
10169,articuno-galar,17,509,290.0,psychic,flying,90,85,85
10170,zapdos-galar,16,582,290.0,fighting,flying,90,125,90
10171,moltres-galar,20,660,290.0,dark,flying,90,85,90
10172,slowking-galar,18,795,172.0,poison,psychic,95,65,80
10173,corsola-galar,6,5,144.0,ghost,,60,55,100
10174,zigzagoon-galar,4,175,56.0,dark,normal,38,30,41
10175,linoone-galar,5,325,147.0,dark,normal,78,70,61
10176,darumaka-galar,7,400,63.0,ice,,70,90,45
10177,darmanitan-galar-standard,17,1200,168.0,ice,,105,140,55
10178,darmanitan-galar-zen,17,1200,189.0,ice,fire,105,160,55
10179,yamask-galar,5,15,61.0,ground,ghost,38,55,85
10180,stunfisk-galar,7,205,165.0,ground,steel,109,81,99
10181,zygarde-10,12,335,243.0,dragon,ground,54,100,71
10182,cramorant-gulping,8,180,166.0,flying,water,70,85,55
10183,cramorant-gorging,8,180,166.0,flying,water,70,85,55
10184,toxtricity-low-key,16,400,176.0,electric,poison,75,98,70
10185,eiscue-noice,14,890,165.0,ice,,75,80,70
10186,indeedee-female,9,280,166.0,psychic,normal,70,55,65
10187,morpeko-hangry,3,30,153.0,electric,dark,58,95,58
10188,zacian-crowned,28,3550,360.0,fairy,steel,92,150,115
10189,zamazenta-crowned,29,7850,360.0,fighting,steel,92,120,140
10190,eternatus-eternamax,1000,0,563.0,poison,dragon,255,115,250
10191,urshifu-rapid-strike,19,1050,275.0,fighting,water,100,130,100
10192,zarude-dada,18,700,300.0,dark,grass,105,120,105
10193,calyrex-ice,24,8091,340.0,psychic,ice,100,165,150
10194,calyrex-shadow,24,536,340.0,psychic,ghost,100,85,80
10195,venusaur-gmax,240,10000,236.0,grass,poison,80,82,83
10196,charizard-gmax,280,10000,240.0,fire,flying,78,84,78
10197,blastoise-gmax,250,10000,239.0,water,,79,83,100
10198,butterfree-gmax,170,10000,178.0,bug,flying,60,45,50
10199,pikachu-gmax,210,10000,112.0,electric,,35,55,40
10200,meowth-gmax,330,10000,58.0,normal,,40,45,35
10201,machamp-gmax,250,10000,227.0,fighting,,90,130,80
10202,gengar-gmax,200,10000,225.0,ghost,poison,60,65,60
10203,kingler-gmax,190,10000,166.0,water,,55,130,115
10204,lapras-gmax,240,10000,187.0,water,ice,130,85,80
10205,eevee-gmax,180,10000,65.0,normal,,55,55,50
10206,snorlax-gmax,350,10000,189.0,normal,,160,110,65
10207,garbodor-gmax,210,10000,166.0,poison,,80,95,82
10208,melmetal-gmax,250,10000,270.0,steel,,135,143,143
10209,rillaboom-gmax,280,10000,265.0,grass,,100,125,90
10210,cinderace-gmax,270,10000,265.0,fire,,80,116,75
10211,inteleon-gmax,400,10000,265.0,water,,70,85,65
10212,corviknight-gmax,140,10000,248.0,flying,steel,98,87,105
10213,orbeetle-gmax,140,10000,253.0,bug,psychic,60,45,110
10214,drednaw-gmax,240,10000,170.0,water,rock,90,115,90
10215,coalossal-gmax,420,10000,255.0,rock,fire,110,80,120
10216,flapple-gmax,240,10000,170.0,grass,dragon,70,110,80
10217,appletun-gmax,240,10000,170.0,grass,dragon,110,85,80
10218,sandaconda-gmax,220,10000,179.0,ground,,72,107,125
10219,toxtricity-amped-gmax,240,10000,176.0,electric,poison,75,98,70
10220,centiskorch-gmax,750,10000,184.0,fire,bug,100,115,65
10221,hatterene-gmax,260,10000,255.0,psychic,fairy,57,90,95
10222,grimmsnarl-gmax,320,10000,255.0,dark,fairy,95,120,65
10223,alcremie-gmax,300,10000,173.0,fairy,,65,60,75
10224,copperajah-gmax,230,10000,175.0,steel,,122,130,69
10225,duraludon-gmax,430,10000,187.0,steel,dragon,70,95,115
10226,urshifu-single-strike-gmax,290,10000,275.0,fighting,dark,100,130,100
10227,urshifu-rapid-strike-gmax,260,10000,275.0,fighting,water,100,130,100
10228,toxtricity-low-key-gmax,240,10000,176.0,electric,poison,75,98,70
10229,growlithe-hisui,8,227,70.0,fire,rock,60,75,45
10230,arcanine-hisui,20,1680,194.0,fire,rock,95,115,80
10231,voltorb-hisui,5,130,66.0,electric,grass,40,30,50
10232,electrode-hisui,12,710,172.0,electric,grass,60,50,70
10233,typhlosion-hisui,16,698,240.0,fire,ghost,73,84,78
10234,qwilfish-hisui,5,39,88.0,dark,poison,65,95,85
10235,sneasel-hisui,9,270,86.0,fighting,poison,55,95,55
10236,samurott-hisui,15,582,238.0,water,dark,90,108,80
10237,lilligant-hisui,12,192,168.0,grass,fighting,70,105,75
10238,zorua-hisui,7,125,66.0,normal,ghost,35,60,40
10239,zoroark-hisui,16,730,179.0,normal,ghost,55,100,60
10240,braviary-hisui,17,434,179.0,psychic,flying,110,83,70
10241,sliggoo-hisui,7,685,158.0,steel,dragon,58,75,83
10242,goodra-hisui,17,3341,270.0,steel,dragon,80,100,100
10243,avalugg-hisui,14,2624,180.0,ice,rock,95,127,184
10244,decidueye-hisui,16,370,239.0,grass,fighting,88,112,80
10245,dialga-origin,70,8487,306.0,steel,dragon,100,100,120
10246,palkia-origin,63,6590,306.0,water,dragon,90,100,100
10247,basculin-white-striped,10,180,161.0,water,,70,92,65
10248,basculegion-female,30,1100,265.0,water,ghost,120,92,65
10249,enamorus-therian,16,480,116.0,fairy,flying,74,115,110
10250,tauros-paldea-combat-breed,14,1150,172.0,fighting,,75,110,105
10251,tauros-paldea-blaze-breed,14,850,172.0,fighting,fire,75,110,105
10252,tauros-paldea-aqua-breed,14,1100,172.0,fighting,water,75,110,105
10253,wooper-paldea,4,110,42.0,poison,ground,55,45,45
10254,oinkologne-female,10,1200,171.0,normal,,115,90,70
10255,dudunsparce-three-segment,45,474,182.0,normal,,125,100,80
10256,palafin-hero,18,974,160.0,water,,100,160,97
10257,maushold-family-of-three,3,23,165.0,normal,,74,75,70
10258,tatsugiri-droopy,3,80,166.0,dragon,water,68,50,60
10259,tatsugiri-stretchy,3,80,166.0,dragon,water,68,50,60
10260,squawkabilly-blue-plumage,6,24,146.0,normal,flying,82,96,51
10261,squawkabilly-yellow-plumage,6,24,146.0,normal,flying,82,96,51
10262,squawkabilly-white-plumage,6,24,146.0,normal,flying,82,96,51
10263,gimmighoul-roaming,1,10,60.0,ghost,,45,30,25
10264,koraidon-limited-build,35,3030,335.0,fighting,dragon,100,135,115
10265,koraidon-sprinting-build,35,3030,335.0,fighting,dragon,100,135,115
10266,koraidon-swimming-build,35,3030,335.0,fighting,dragon,100,135,115
10267,koraidon-gliding-build,35,3030,335.0,fighting,dragon,100,135,115
10268,miraidon-low-power-mode,28,2400,335.0,electric,dragon,100,85,100
10269,miraidon-drive-mode,28,2400,335.0,electric,dragon,100,85,100
10270,miraidon-aquatic-mode,28,2400,335.0,electric,dragon,100,85,100
10271,miraidon-glide-mode,28,2400,335.0,electric,dragon,100,85,100
10272,ursaluna-bloodmoon,24,2900,275.0,ground,normal,113,70,120
10273,ogerpon-wellspring-mask,12,398,275.0,grass,water,80,120,84
10274,ogerpon-hearthflame-mask,12,398,275.0,grass,fire,80,120,84
10275,ogerpon-cornerstone-mask,12,398,275.0,grass,rock,80,120,84
10276,terapagos-terastal,3,160,90.0,normal,,95,95,110
10277,terapagos-stellar,17,770,90.0,normal,,160,105,110
10278,clefable-mega,17,423,,fairy,flying,95,80,93
10279,victreebel-mega,45,1255,,grass,poison,80,125,85
10280,starmie-mega,23,800,,water,psychic,60,100,105
10281,dragonite-mega,22,2900,,dragon,flying,91,124,115
10282,meganium-mega,24,2010,,grass,fairy,80,92,115
10283,feraligatr-mega,23,1088,,water,dragon,85,160,125
10284,skarmory-mega,17,404,,steel,flying,65,140,110
10285,froslass-mega,26,296,,ice,ghost,70,80,70
10286,emboar-mega,18,1803,,fire,fighting,110,148,75
10287,excadrill-mega,9,600,,ground,steel,110,165,100
10288,scolipede-mega,32,2305,,bug,poison,60,140,149
10289,scrafty-mega,11,310,,dark,fighting,65,130,135
10290,eelektross-mega,30,1800,,electric,,85,145,80
10291,chandelure-mega,25,696,,ghost,fire,60,75,110
10292,chesnaught-mega,16,900,,grass,fighting,88,137,172
10293,delphox-mega,15,390,,fire,psychic,75,69,72
10294,greninja-mega,15,400,,water,dark,72,125,77
10295,pyroar-mega,15,933,,fire,normal,86,88,92
10296,floette-mega,2,1008,,fairy,,74,85,87
10297,malamar-mega,29,698,,dark,psychic,86,102,88
10298,barbaracle-mega,22,1000,,rock,fighting,72,140,130
10299,dragalge-mega,21,1003,,poison,dragon,65,85,105
10300,hawlucha-mega,10,250,,fighting,flying,78,137,100
10301,zygarde-mega,77,6100,,dragon,ground,216,70,91
10302,drampa-mega,30,2405,,normal,dragon,78,85,110
10303,falinks-mega,16,990,,fighting,,65,135,135
10304,raichu-mega-x,12,380,,electric,,60,135,95
10305,raichu-mega-y,10,260,,electric,,60,100,55
10306,chimecho-mega,12,80,,psychic,steel,75,50,110
10307,absol-mega-z,12,490,,dark,ghost,65,154,60
10308,staraptor-mega,19,500,,fighting,flying,85,140,100
10309,garchomp-mega-z,19,990,,dragon,,108,130,85
10310,lucario-mega-z,13,494,,fighting,steel,70,100,70
10311,heatran-mega,28,5700,,fire,steel,91,120,106
10312,darkrai-mega,30,2400,,dark,,70,120,130
10313,golurk-mega,40,3300,,ground,ghost,89,159,105
10314,meowstic-male-mega,8,101,,psychic,,74,48,76
10315,crabominable-mega,26,2528,,fighting,ice,97,157,122
10316,golisopod-mega,23,1480,,bug,steel,75,150,175
10317,magearna-mega,13,2481,,steel,fairy,80,125,115
10318,magearna-original-mega,13,2481,,steel,fairy,80,125,115
10319,zeraora-mega,15,445,,electric,,88,157,75
10320,scovillain-mega,12,220,,grass,fire,65,138,85
10321,glimmora-mega,28,770,,rock,poison,83,90,105
10322,tatsugiri-curly-mega,6,240,,dragon,water,68,65,90
10323,tatsugiri-droopy-mega,6,240,,dragon,water,68,65,90
10324,tatsugiri-stretchy-mega,6,240,,dragon,water,68,65,90
10325,baxcalibur-mega,21,3150,,dragon,ice,115,175,117
10326,meowstic-female-mega,8,101,,psychic,,74,48,76
